[{"model": "admin.logentry", "pk": 1, "fields": {"action_time": "2025-05-17T21:50:28.789Z", "user": 1, "content_type": 8, "object_id": "1", "object_repr": "2025 All Island 2025", "action_flag": 1, "change_message": "[{\"added\": {}}]"}}, {"model": "admin.logentry", "pk": 2, "fields": {"action_time": "2025-05-17T21:55:00.451Z", "user": 1, "content_type": 9, "object_id": "1", "object_repr": "Player object (1)", "action_flag": 1, "change_message": "[{\"added\": {}}]"}}, {"model": "admin.logentry", "pk": 3, "fields": {"action_time": "2025-05-17T23:12:17.511Z", "user": 1, "content_type": 7, "object_id": "1", "object_repr": "2 or 3 Day Match", "action_flag": 1, "change_message": "[{\"added\": {}}]"}}, {"model": "admin.logentry", "pk": 4, "fields": {"action_time": "2025-05-17T23:13:10.075Z", "user": 1, "content_type": 7, "object_id": "2", "object_repr": "Limited Over Match", "action_flag": 1, "change_message": "[{\"added\": {}}]"}}, {"model": "admin.logentry", "pk": 5, "fields": {"action_time": "2025-05-17T23:15:07.082Z", "user": 1, "content_type": 7, "object_id": "3", "object_repr": "2 or 3 Day Practice Match", "action_flag": 1, "change_message": "[{\"added\": {}}]"}}, {"model": "admin.logentry", "pk": 6, "fields": {"action_time": "2025-05-17T23:15:22.550Z", "user": 1, "content_type": 7, "object_id": "2", "object_repr": "Limited Over Match", "action_flag": 2, "change_message": "[{\"changed\": {\"fields\": [\"Is limited overs\"]}}]"}}, {"model": "admin.logentry", "pk": 7, "fields": {"action_time": "2025-05-17T23:16:34.610Z", "user": 1, "content_type": 7, "object_id": "4", "object_repr": "Limited Over Practice Match", "action_flag": 1, "change_message": "[{\"added\": {}}]"}}, {"model": "admin.logentry", "pk": 8, "fields": {"action_time": "2025-05-17T23:17:52.891Z", "user": 1, "content_type": 7, "object_id": "4", "object_repr": "Limited Over Practice Match", "action_flag": 2, "change_message": "[]"}}, {"model": "admin.logentry", "pk": 9, "fields": {"action_time": "2025-05-17T23:25:21.898Z", "user": 1, "content_type": 9, "object_id": "2", "object_repr": "Player object (2)", "action_flag": 1, "change_message": "[{\"added\": {}}]"}}, {"model": "admin.logentry", "pk": 10, "fields": {"action_time": "2025-05-18T07:34:55.716Z", "user": 1, "content_type": 10, "object_id": "2", "object_repr": "Ananda College vs Nalanda College - 2025-05-01", "action_flag": 1, "change_message": "[{\"added\": {}}, {\"added\": {\"name\": \"match player\", \"object\": \"Test1 Cricketer - Ananda College vs Nalanda College - 2025-05-01\"}}]"}}, {"model": "admin.logentry", "pk": 11, "fields": {"action_time": "2025-05-18T09:14:02.827Z", "user": 1, "content_type": 10, "object_id": "2", "object_repr": "Ananda College vs Nalanda College - 2025-05-01", "action_flag": 2, "change_message": "[{\"added\": {\"name\": \"match player\", \"object\": \"Test2 Cricketer - Ananda College vs Nalanda College - 2025-05-01\"}}, {\"changed\": {\"name\": \"match player\", \"object\": \"Test1 Cricketer - Ananda College vs Nalanda College - 2025-05-01\", \"fields\": [\"Is captain\", \"Maidens bowled\", \"Wides\", \"Catches\", \"Run outs\", \"Direct hits\", \"Dropped catches\"]}}]"}}, {"model": "admin.logentry", "pk": 12, "fields": {"action_time": "2025-05-18T09:42:39.841Z", "user": 1, "content_type": 18, "object_id": "1", "object_repr": "Fitness Training - 2025-04-02 16:00-18:00", "action_flag": 1, "change_message": "[{\"added\": {}}]"}}, {"model": "admin.logentry", "pk": 13, "fields": {"action_time": "2025-05-18T09:46:15.381Z", "user": 1, "content_type": 17, "object_id": "3", "object_repr": "Test1 Cricketer - Fitness Training - 2025-04-02 16:00-18:00 - Present", "action_flag": 1, "change_message": "[{\"added\": {}}]"}}, {"model": "admin.logentry", "pk": 14, "fields": {"action_time": "2025-05-18T09:48:13.034Z", "user": 1, "content_type": 4, "object_id": "2", "object_repr": "nethindu", "action_flag": 1, "change_message": "[{\"added\": {}}]"}}, {"model": "admin.logentry", "pk": 15, "fields": {"action_time": "2025-05-18T09:49:44.072Z", "user": 1, "content_type": 4, "object_id": "2", "object_repr": "nethindu", "action_flag": 2, "change_message": "[{\"changed\": {\"fields\": [\"First name\", \"Last name\", \"Email address\", \"Staff status\", \"Superuser status\"]}}]"}}, {"model": "admin.logentry", "pk": 16, "fields": {"action_time": "2025-05-18T09:55:44.080Z", "user": 1, "content_type": 10, "object_id": "3", "object_repr": "Ananda College vs MBC - 2025-05-02", "action_flag": 1, "change_message": "[{\"added\": {}}, {\"added\": {\"name\": \"match player\", \"object\": \"Test1 Cricketer - Ananda College vs MBC - 2025-05-02\"}}, {\"added\": {\"name\": \"match player\", \"object\": \"Test2 Cricketer - Ananda College vs MBC - 2025-05-02\"}}]"}}, {"model": "admin.logentry", "pk": 17, "fields": {"action_time": "2025-05-18T09:58:57.271Z", "user": 1, "content_type": 10, "object_id": "3", "object_repr": "Ananda College vs MBC - 2025-05-02", "action_flag": 2, "change_message": "[{\"added\": {\"name\": \"match player\", \"object\": \"Test1 Cricketer - Ananda College vs MBC - 2025-05-02\"}}, {\"added\": {\"name\": \"match player\", \"object\": \"Test2 Cricketer - Ananda College vs MBC - 2025-05-02\"}}]"}}, {"model": "admin.logentry", "pk": 18, "fields": {"action_time": "2025-05-18T10:00:40.339Z", "user": 1, "content_type": 18, "object_id": "2", "object_repr": "Cricket Training - 2025-04-06 14:30-16:30", "action_flag": 1, "change_message": "[{\"added\": {}}]"}}, {"model": "admin.logentry", "pk": 19, "fields": {"action_time": "2025-05-18T10:01:03.760Z", "user": 1, "content_type": 17, "object_id": "4", "object_repr": "Test2 Cricketer - Cricket Training - 2025-04-06 14:30-16:30 - Absent", "action_flag": 1, "change_message": "[{\"added\": {}}]"}}, {"model": "admin.logentry", "pk": 20, "fields": {"action_time": "2025-05-18T10:03:02.640Z", "user": 1, "content_type": 9, "object_id": "3", "object_repr": "Player object (3)", "action_flag": 1, "change_message": "[{\"added\": {}}]"}}, {"model": "admin.logentry", "pk": 21, "fields": {"action_time": "2025-05-18T10:03:45.171Z", "user": 1, "content_type": 11, "object_id": "1", "object_repr": "Player object (2) replaced by Player object (3) in Ananda College vs MBC - 2025-05-02", "action_flag": 1, "change_message": "[{\"added\": {}}]"}}, {"model": "admin.logentry", "pk": 22, "fields": {"action_time": "2025-05-18T10:04:49.647Z", "user": 1, "content_type": 12, "object_id": "1", "object_repr": "First Xi (2025)", "action_flag": 1, "change_message": "[{\"added\": {}}]"}}, {"model": "admin.logentry", "pk": 23, "fields": {"action_time": "2025-05-18T10:08:15.261Z", "user": 1, "content_type": 12, "object_id": "2", "object_repr": "Second Xi (2025)", "action_flag": 1, "change_message": "[{\"added\": {}}]"}}, {"model": "admin.logentry", "pk": 24, "fields": {"action_time": "2025-05-18T11:55:43.125Z", "user": 1, "content_type": 10, "object_id": "4", "object_repr": "First Xi (2025) vs MBC - 2025-05-03", "action_flag": 1, "change_message": "[{\"added\": {}}, {\"added\": {\"name\": \"match player\", \"object\": \"Test1 Cricketer - First Xi (2025) vs MBC - 2025-05-03\"}}, {\"added\": {\"name\": \"substitution\", \"object\": \"Player object (2) replaced by Player object (3) in First Xi (2025) vs MBC - 2025-05-03\"}}]"}}, {"model": "admin.logentry", "pk": 25, "fields": {"action_time": "2025-05-18T11:56:07.408Z", "user": 1, "content_type": 10, "object_id": "5", "object_repr": "First Xi (2025) vs MBC - 2025-05-03", "action_flag": 1, "change_message": "[{\"added\": {}}, {\"added\": {\"name\": \"match player\", \"object\": \"Test1 Cricketer - First Xi (2025) vs MBC - 2025-05-03\"}}, {\"added\": {\"name\": \"substitution\", \"object\": \"Player object (2) replaced by Player object (3) in First Xi (2025) vs MBC - 2025-05-03\"}}]"}}, {"model": "admin.logentry", "pk": 26, "fields": {"action_time": "2025-05-18T11:59:24.571Z", "user": 1, "content_type": 10, "object_id": "6", "object_repr": "First Xi (2025) vs MBC - 2025-05-03", "action_flag": 1, "change_message": "[{\"added\": {}}, {\"added\": {\"name\": \"match player\", \"object\": \"Test1 Cricketer - First Xi (2025) vs MBC - 2025-05-03\"}}, {\"added\": {\"name\": \"substitution\", \"object\": \"Player object (2) replaced by Player object (3) in First Xi (2025) vs MBC - 2025-05-03\"}}]"}}, {"model": "admin.logentry", "pk": 27, "fields": {"action_time": "2025-05-18T13:32:16.444Z", "user": 1, "content_type": 10, "object_id": "4", "object_repr": "First Xi vs MBC - 2025-05-03", "action_flag": 2, "change_message": "[{\"added\": {\"name\": \"match player\", \"object\": \"Test2 Cricketer - First Xi vs MBC - 2025-05-03\"}}, {\"changed\": {\"name\": \"match player\", \"object\": \"Test1 Cricketer - First Xi vs MBC - 2025-05-03\", \"fields\": [\"Runs scored\"]}}, {\"changed\": {\"name\": \"substitution\", \"object\": \"Player object (1) replaced by Player object (3) in First Xi vs MBC - 2025-05-03\", \"fields\": [\"Player out\"]}}]"}}, {"model": "admin.logentry", "pk": 28, "fields": {"action_time": "2025-05-18T13:33:18.205Z", "user": 1, "content_type": 17, "object_id": "3", "object_repr": "Test1 Cricketer - Fitness Training - 2025-04-02 16:00-18:00 - Absent", "action_flag": 2, "change_message": "[{\"changed\": {\"fields\": [\"Status\"]}}]"}}, {"model": "admin.logentry", "pk": 29, "fields": {"action_time": "2025-05-18T13:33:45.201Z", "user": 1, "content_type": 9, "object_id": "1", "object_repr": "Player object (1)", "action_flag": 2, "change_message": "[{\"changed\": {\"fields\": [\"Bowling style\"]}}]"}}, {"model": "admin.logentry", "pk": 30, "fields": {"action_time": "2025-05-18T13:42:14.033Z", "user": 1, "content_type": 9, "object_id": "3", "object_repr": "test3 Cricketer", "action_flag": 2, "change_message": "[{\"changed\": {\"fields\": [\"Dob\"]}}]"}}, {"model": "admin.logentry", "pk": 31, "fields": {"action_time": "2025-05-18T13:43:08.017Z", "user": 1, "content_type": 9, "object_id": "3", "object_repr": "test3 Cricketer", "action_flag": 2, "change_message": "[{\"changed\": {\"fields\": [\"Photo\"]}}]"}}, {"model": "admin.logentry", "pk": 32, "fields": {"action_time": "2025-05-19T03:42:20.491Z", "user": 1, "content_type": 17, "object_id": "3", "object_repr": "Test1 Cricketer - Fitness Training - 2025-04-02 16:00-18:00 - Present", "action_flag": 2, "change_message": "[{\"changed\": {\"fields\": [\"Status\"]}}]"}}, {"model": "admin.logentry", "pk": 33, "fields": {"action_time": "2025-05-19T13:21:32.878Z", "user": 1, "content_type": 17, "object_id": "3", "object_repr": "Test1 Cricketer - Fitness Training - 2025-04-02 16:00-18:00 - Present", "action_flag": 2, "change_message": "[]"}}, {"model": "admin.logentry", "pk": 34, "fields": {"action_time": "2025-05-19T13:24:06.190Z", "user": 1, "content_type": 18, "object_id": "3", "object_repr": "Fitness Training - 2025-04-07 14:00-18:00", "action_flag": 1, "change_message": "[{\"added\": {}}]"}}, {"model": "admin.logentry", "pk": 35, "fields": {"action_time": "2025-05-19T13:25:29.761Z", "user": 1, "content_type": 18, "object_id": "4", "object_repr": "Cricket Training - 2025-04-08 14:00-18:00", "action_flag": 1, "change_message": "[{\"added\": {}}]"}}, {"model": "admin.logentry", "pk": 36, "fields": {"action_time": "2025-05-19T13:27:01.810Z", "user": 1, "content_type": 17, "object_id": "5", "object_repr": "Test1 Cricketer - Cricket Training - 2025-04-08 14:00-18:00 - Present", "action_flag": 1, "change_message": "[{\"added\": {}}]"}}, {"model": "admin.logentry", "pk": 37, "fields": {"action_time": "2025-05-19T13:28:55.219Z", "user": 1, "content_type": 17, "object_id": "6", "object_repr": "Test2 Cricketer - Cricket Training - 2025-04-08 14:00-18:00 - Present", "action_flag": 1, "change_message": "[{\"added\": {}}]"}}, {"model": "admin.logentry", "pk": 38, "fields": {"action_time": "2025-05-19T13:30:00.771Z", "user": 1, "content_type": 17, "object_id": "7", "object_repr": "test3 Cricketer - Cricket Training - 2025-04-08 14:00-18:00 - Present", "action_flag": 1, "change_message": "[{\"added\": {}}]"}}, {"model": "admin.logentry", "pk": 39, "fields": {"action_time": "2025-05-19T22:19:22.341Z", "user": 1, "content_type": 18, "object_id": "5", "object_repr": "Fitness Training - 2025-04-10 14:00-18:00", "action_flag": 1, "change_message": "[{\"added\": {}}]"}}, {"model": "admin.logentry", "pk": 40, "fields": {"action_time": "2025-05-19T22:20:39.059Z", "user": 1, "content_type": 17, "object_id": "8", "object_repr": "Test1 Cricketer - Fitness Training - 2025-04-10 14:00-18:00 - Present", "action_flag": 1, "change_message": "[{\"added\": {}}]"}}, {"model": "admin.logentry", "pk": 41, "fields": {"action_time": "2025-05-19T22:21:22.790Z", "user": 1, "content_type": 17, "object_id": "9", "object_repr": "Test2 Cricketer - Fitness Training - 2025-04-10 14:00-18:00 - Present", "action_flag": 1, "change_message": "[{\"added\": {}}]"}}, {"model": "admin.logentry", "pk": 42, "fields": {"action_time": "2025-05-19T22:48:48.359Z", "user": 1, "content_type": 17, "object_id": "3", "object_repr": "Test1 Cricketer - Fitness Training - 2025-04-02 16:00-18:00 - Present", "action_flag": 3, "change_message": ""}}, {"model": "admin.logentry", "pk": 43, "fields": {"action_time": "2025-05-19T22:48:48.359Z", "user": 1, "content_type": 17, "object_id": "4", "object_repr": "Test2 Cricketer - Cricket Training - 2025-04-06 14:30-16:30 - Absent", "action_flag": 3, "change_message": ""}}, {"model": "admin.logentry", "pk": 44, "fields": {"action_time": "2025-05-19T22:48:48.359Z", "user": 1, "content_type": 17, "object_id": "5", "object_repr": "Test1 Cricketer - Cricket Training - 2025-04-08 14:00-18:00 - Present", "action_flag": 3, "change_message": ""}}, {"model": "admin.logentry", "pk": 45, "fields": {"action_time": "2025-05-19T22:48:48.359Z", "user": 1, "content_type": 17, "object_id": "6", "object_repr": "Test2 Cricketer - Cricket Training - 2025-04-08 14:00-18:00 - Present", "action_flag": 3, "change_message": ""}}, {"model": "admin.logentry", "pk": 46, "fields": {"action_time": "2025-05-19T22:48:48.359Z", "user": 1, "content_type": 17, "object_id": "7", "object_repr": "test3 Cricketer - Cricket Training - 2025-04-08 14:00-18:00 - Present", "action_flag": 3, "change_message": ""}}, {"model": "admin.logentry", "pk": 47, "fields": {"action_time": "2025-05-19T22:48:48.359Z", "user": 1, "content_type": 17, "object_id": "8", "object_repr": "Test1 Cricketer - Fitness Training - 2025-04-10 14:00-18:00 - Present", "action_flag": 3, "change_message": ""}}, {"model": "admin.logentry", "pk": 48, "fields": {"action_time": "2025-05-19T22:48:48.359Z", "user": 1, "content_type": 17, "object_id": "9", "object_repr": "Test2 Cricketer - Fitness Training - 2025-04-10 14:00-18:00 - Present", "action_flag": 3, "change_message": ""}}, {"model": "admin.logentry", "pk": 49, "fields": {"action_time": "2025-05-19T23:09:21.538Z", "user": 1, "content_type": 17, "object_id": "10", "object_repr": "Test1 Cricketer - Fitness Training - 2025-04-02 16:00-18:00 - Present", "action_flag": 1, "change_message": "[{\"added\": {}}]"}}, {"model": "admin.logentry", "pk": 50, "fields": {"action_time": "2025-05-19T23:11:54.373Z", "user": 1, "content_type": 17, "object_id": "11", "object_repr": "Test2 Cricketer - Fitness Training - 2025-04-02 16:00-18:00 - Present", "action_flag": 1, "change_message": "[{\"added\": {}}]"}}, {"model": "admin.logentry", "pk": 51, "fields": {"action_time": "2025-05-19T23:12:41.110Z", "user": 1, "content_type": 17, "object_id": "12", "object_repr": "Test2 Cricketer - Fitness Training - 2025-04-10 14:00-18:00 - Present", "action_flag": 1, "change_message": "[{\"added\": {}}]"}}, {"model": "admin.logentry", "pk": 52, "fields": {"action_time": "2025-05-19T23:12:58.428Z", "user": 1, "content_type": 17, "object_id": "13", "object_repr": "test3 Cricketer - Fitness Training - 2025-04-02 16:00-18:00 - Absent", "action_flag": 1, "change_message": "[{\"added\": {}}]"}}, {"model": "admin.logentry", "pk": 53, "fields": {"action_time": "2025-05-19T23:13:47.799Z", "user": 1, "content_type": 17, "object_id": "14", "object_repr": "Test1 Cricketer - Cricket Training - 2025-04-06 14:30-16:30 - Present", "action_flag": 1, "change_message": "[{\"added\": {}}]"}}, {"model": "admin.logentry", "pk": 54, "fields": {"action_time": "2025-05-19T23:14:28.080Z", "user": 1, "content_type": 17, "object_id": "15", "object_repr": "Test2 Cricketer - Cricket Training - 2025-04-06 14:30-16:30 - Present", "action_flag": 1, "change_message": "[{\"added\": {}}]"}}, {"model": "admin.logentry", "pk": 55, "fields": {"action_time": "2025-05-19T23:42:06.164Z", "user": 1, "content_type": 17, "object_id": "16", "object_repr": "Test1 Cricketer - Fitness Training - 2025-04-10 14:00-18:00 - Present", "action_flag": 1, "change_message": "[{\"added\": {}}]"}}, {"model": "admin.logentry", "pk": 56, "fields": {"action_time": "2025-05-20T00:19:31.219Z", "user": 1, "content_type": 17, "object_id": "17", "object_repr": "Test1 Cricketer - Cricket Training - 2025-04-08 14:00-18:00 - Present", "action_flag": 1, "change_message": "[{\"added\": {}}]"}}, {"model": "admin.logentry", "pk": 57, "fields": {"action_time": "2025-05-20T00:21:14.246Z", "user": 1, "content_type": 17, "object_id": "18", "object_repr": "Test2 Cricketer - Cricket Training - 2025-04-08 14:00-18:00 - Absent", "action_flag": 1, "change_message": "[{\"added\": {}}]"}}, {"model": "admin.logentry", "pk": 58, "fields": {"action_time": "2025-05-20T01:22:09.881Z", "user": 1, "content_type": 10, "object_id": "6", "object_repr": "First Xi vs MBC - 2025-05-03", "action_flag": 2, "change_message": "[{\"changed\": {\"fields\": [\"Ananda extras byes\", \"Ananda extras leg byes\", \"Opponent extras byes\", \"Opponent extras leg byes\"]}}, {\"added\": {\"name\": \"match player\", \"object\": \"Test2 Cricketer - First Xi vs MBC - 2025-05-03\"}}, {\"changed\": {\"name\": \"substitution\", \"object\": \"Test1 Cricketer replaced by test3 Cricketer in First Xi vs MBC - 2025-05-03\", \"fields\": [\"Player out\"]}}]"}}, {"model": "admin.logentry", "pk": 59, "fields": {"action_time": "2025-05-20T01:46:45.610Z", "user": 1, "content_type": 10, "object_id": "6", "object_repr": "First Xi vs MBC - 2025-05-03", "action_flag": 2, "change_message": "[{\"added\": {\"name\": \"match player\", \"object\": \"Test1 Cricketer - First Xi vs MBC - 2025-05-03\"}}, {\"changed\": {\"name\": \"match player\", \"object\": \"Test2 Cricketer - First Xi vs MBC - 2025-05-03\", \"fields\": [\"Batting order\", \"Is captain\"]}}, {\"changed\": {\"name\": \"match player\", \"object\": \"Test1 Cricketer - First Xi vs MBC - 2025-05-03\", \"fields\": [\"Batting order\", \"Is captain\"]}}]"}}, {"model": "admin.logentry", "pk": 60, "fields": {"action_time": "2025-05-20T04:12:10.485Z", "user": 1, "content_type": 10, "object_id": "6", "object_repr": "First Xi vs MBC - 2025-05-03", "action_flag": 2, "change_message": "[{\"added\": {\"name\": \"match player\", \"object\": \"Test2 Cricketer - First Xi vs MBC - 2025-05-03\"}}, {\"changed\": {\"name\": \"match player\", \"object\": \"Test1 Cricketer - First Xi vs MBC - 2025-05-03\", \"fields\": [\"How out\"]}}]"}}, {"model": "admin.logentry", "pk": 61, "fields": {"action_time": "2025-05-20T04:20:51.623Z", "user": 1, "content_type": 10, "object_id": "5", "object_repr": "First Xi vs MBC - 2025-05-03", "action_flag": 3, "change_message": ""}}, {"model": "admin.logentry", "pk": 62, "fields": {"action_time": "2025-05-20T04:20:51.623Z", "user": 1, "content_type": 10, "object_id": "4", "object_repr": "First Xi vs MBC - 2025-05-03", "action_flag": 3, "change_message": ""}}, {"model": "admin.logentry", "pk": 63, "fields": {"action_time": "2025-05-20T04:23:02.672Z", "user": 1, "content_type": 10, "object_id": "6", "object_repr": "First Xi vs MBC - 2025-05-07", "action_flag": 2, "change_message": "[{\"changed\": {\"fields\": [\"Match date\"]}}]"}}, {"model": "admin.logentry", "pk": 64, "fields": {"action_time": "2025-05-20T04:48:48.321Z", "user": 1, "content_type": 8, "object_id": "2", "object_repr": "Test-2025 2025", "action_flag": 1, "change_message": "[{\"added\": {}}]"}}, {"model": "admin.logentry", "pk": 65, "fields": {"action_time": "2025-05-20T05:00:13.110Z", "user": 1, "content_type": 10, "object_id": "7", "object_repr": "First Xi vs Home and Home - 2025-05-10", "action_flag": 1, "change_message": "[{\"added\": {}}, {\"added\": {\"name\": \"match player\", \"object\": \"Test1 Cricketer - First Xi vs Home and Home - 2025-05-10\"}}, {\"added\": {\"name\": \"match player\", \"object\": \"Test2 Cricketer - First Xi vs Home and Home - 2025-05-10\"}}, {\"added\": {\"name\": \"match player\", \"object\": \"Test1 Cricketer - First Xi vs Home and Home - 2025-05-10\"}}]"}}, {"model": "admin.logentry", "pk": 66, "fields": {"action_time": "2025-05-20T05:04:00.705Z", "user": 1, "content_type": 10, "object_id": "6", "object_repr": "First Xi vs MBC - 2025-05-07", "action_flag": 2, "change_message": "[{\"changed\": {\"fields\": [\"Toss winner\", \"Toss decision\"]}}]"}}, {"model": "admin.logentry", "pk": 67, "fields": {"action_time": "2025-05-20T05:19:59.829Z", "user": 1, "content_type": 10, "object_id": "7", "object_repr": "First Xi vs Home and Home - 2025-05-10", "action_flag": 2, "change_message": "[{\"added\": {\"name\": \"match player\", \"object\": \"Test2 Cricketer - First Xi vs Home and Home - 2025-05-10\"}}]"}}, {"model": "admin.logentry", "pk": 68, "fields": {"action_time": "2025-05-20T05:48:19.455Z", "user": 1, "content_type": 10, "object_id": "7", "object_repr": "First Xi vs Home and Home - 2025-05-10", "action_flag": 2, "change_message": "[]"}}, {"model": "admin.logentry", "pk": 69, "fields": {"action_time": "2025-05-20T07:10:55.222Z", "user": 1, "content_type": 10, "object_id": "7", "object_repr": "First Xi vs Home and Home - 2025-05-10", "action_flag": 2, "change_message": "[{\"changed\": {\"name\": \"match player\", \"object\": \"Test1 Cricketer - First Xi vs Home and Home - 2025-05-10\", \"fields\": [\"Direct hits\"]}}]"}}, {"model": "admin.logentry", "pk": 70, "fields": {"action_time": "2025-05-20T07:23:25.906Z", "user": 1, "content_type": 18, "object_id": "6", "object_repr": "Fitness Training - 2025-05-05 14:30-16:30", "action_flag": 1, "change_message": "[{\"added\": {}}]"}}, {"model": "admin.logentry", "pk": 71, "fields": {"action_time": "2025-05-20T07:24:22.175Z", "user": 1, "content_type": 17, "object_id": "19", "object_repr": "Test1 Cricketer - Fitness Training - 2025-05-05 14:30-16:30 - Present", "action_flag": 1, "change_message": "[{\"added\": {}}]"}}, {"model": "admin.logentry", "pk": 72, "fields": {"action_time": "2025-05-22T18:31:11.797Z", "user": 1, "content_type": 18, "object_id": "7", "object_repr": "Fitness Training - 2025-04-16 14:30-16:30", "action_flag": 1, "change_message": "[{\"added\": {}}]"}}, {"model": "admin.logentry", "pk": 73, "fields": {"action_time": "2025-05-22T18:48:20.044Z", "user": 1, "content_type": 18, "object_id": "8", "object_repr": "Cricket Training - 2025-05-22 14:30-18:00", "action_flag": 1, "change_message": "[{\"added\": {}}]"}}, {"model": "admin.logentry", "pk": 74, "fields": {"action_time": "2025-05-22T19:32:27.043Z", "user": 1, "content_type": 17, "object_id": "20", "object_repr": "Test1 Cricketer - Cricket Training - 2025-05-22 14:30-18:00 - Present", "action_flag": 2, "change_message": "[]"}}, {"model": "admin.logentry", "pk": 75, "fields": {"action_time": "2025-05-22T19:32:52.239Z", "user": 1, "content_type": 17, "object_id": "20", "object_repr": "Test1 Cricketer - Cricket Training - 2025-05-22 14:30-18:00 - Present", "action_flag": 2, "change_message": "[]"}}, {"model": "admin.logentry", "pk": 76, "fields": {"action_time": "2025-05-22T19:53:38.278Z", "user": 1, "content_type": 7, "object_id": "3", "object_repr": "2 or 3 Day Practice Match", "action_flag": 2, "change_message": "[{\"changed\": {\"fields\": [\"Short name\"]}}]"}}, {"model": "admin.logentry", "pk": 77, "fields": {"action_time": "2025-05-22T21:05:47.859Z", "user": 1, "content_type": 18, "object_id": "9", "object_repr": "Fitness Training - 2025-05-06 14:30-18:00", "action_flag": 1, "change_message": "[{\"added\": {}}]"}}, {"model": "admin.logentry", "pk": 78, "fields": {"action_time": "2025-05-24T23:57:58.552Z", "user": 1, "content_type": 9, "object_id": "4", "object_repr": "Test4 Cricketer", "action_flag": 1, "change_message": "[{\"added\": {}}]"}}, {"model": "admin.logentry", "pk": 79, "fields": {"action_time": "2025-05-25T03:35:21.212Z", "user": 1, "content_type": 10, "object_id": "7", "object_repr": "First Xi vs Home and Home - 2025-05-10", "action_flag": 2, "change_message": "[{\"changed\": {\"fields\": [\"Ananda extras byes\", \"Ananda extras leg byes\", \"Opponent extras byes\", \"Opponent extras leg byes\"]}}]"}}, {"model": "admin.logentry", "pk": 80, "fields": {"action_time": "2025-05-25T04:21:13.750Z", "user": 1, "content_type": 10, "object_id": "7", "object_repr": "First Xi vs Home and Home - 2025-05-10", "action_flag": 2, "change_message": "[{\"changed\": {\"name\": \"match player\", \"object\": \"Test1 Cricketer - First Xi vs Home and Home - 2025-05-10\", \"fields\": [\"Runs scored\"]}}]"}}, {"model": "auth.permission", "pk": 1, "fields": {"name": "Can add log entry", "content_type": 1, "codename": "add_logentry"}}, {"model": "auth.permission", "pk": 2, "fields": {"name": "Can change log entry", "content_type": 1, "codename": "change_logentry"}}, {"model": "auth.permission", "pk": 3, "fields": {"name": "Can delete log entry", "content_type": 1, "codename": "delete_logentry"}}, {"model": "auth.permission", "pk": 4, "fields": {"name": "Can view log entry", "content_type": 1, "codename": "view_logentry"}}, {"model": "auth.permission", "pk": 5, "fields": {"name": "Can add permission", "content_type": 2, "codename": "add_permission"}}, {"model": "auth.permission", "pk": 6, "fields": {"name": "Can change permission", "content_type": 2, "codename": "change_permission"}}, {"model": "auth.permission", "pk": 7, "fields": {"name": "Can delete permission", "content_type": 2, "codename": "delete_permission"}}, {"model": "auth.permission", "pk": 8, "fields": {"name": "Can view permission", "content_type": 2, "codename": "view_permission"}}, {"model": "auth.permission", "pk": 9, "fields": {"name": "Can add group", "content_type": 3, "codename": "add_group"}}, {"model": "auth.permission", "pk": 10, "fields": {"name": "Can change group", "content_type": 3, "codename": "change_group"}}, {"model": "auth.permission", "pk": 11, "fields": {"name": "Can delete group", "content_type": 3, "codename": "delete_group"}}, {"model": "auth.permission", "pk": 12, "fields": {"name": "Can view group", "content_type": 3, "codename": "view_group"}}, {"model": "auth.permission", "pk": 13, "fields": {"name": "Can add user", "content_type": 4, "codename": "add_user"}}, {"model": "auth.permission", "pk": 14, "fields": {"name": "Can change user", "content_type": 4, "codename": "change_user"}}, {"model": "auth.permission", "pk": 15, "fields": {"name": "Can delete user", "content_type": 4, "codename": "delete_user"}}, {"model": "auth.permission", "pk": 16, "fields": {"name": "Can view user", "content_type": 4, "codename": "view_user"}}, {"model": "auth.permission", "pk": 17, "fields": {"name": "Can add content type", "content_type": 5, "codename": "add_contenttype"}}, {"model": "auth.permission", "pk": 18, "fields": {"name": "Can change content type", "content_type": 5, "codename": "change_contenttype"}}, {"model": "auth.permission", "pk": 19, "fields": {"name": "Can delete content type", "content_type": 5, "codename": "delete_contenttype"}}, {"model": "auth.permission", "pk": 20, "fields": {"name": "Can view content type", "content_type": 5, "codename": "view_contenttype"}}, {"model": "auth.permission", "pk": 21, "fields": {"name": "Can add session", "content_type": 6, "codename": "add_session"}}, {"model": "auth.permission", "pk": 22, "fields": {"name": "Can change session", "content_type": 6, "codename": "change_session"}}, {"model": "auth.permission", "pk": 23, "fields": {"name": "Can delete session", "content_type": 6, "codename": "delete_session"}}, {"model": "auth.permission", "pk": 24, "fields": {"name": "Can view session", "content_type": 6, "codename": "view_session"}}, {"model": "auth.permission", "pk": 25, "fields": {"name": "Can add match format", "content_type": 7, "codename": "add_matchformat"}}, {"model": "auth.permission", "pk": 26, "fields": {"name": "Can change match format", "content_type": 7, "codename": "change_matchformat"}}, {"model": "auth.permission", "pk": 27, "fields": {"name": "Can delete match format", "content_type": 7, "codename": "delete_matchformat"}}, {"model": "auth.permission", "pk": 28, "fields": {"name": "Can view match format", "content_type": 7, "codename": "view_matchformat"}}, {"model": "auth.permission", "pk": 29, "fields": {"name": "Can add tournament", "content_type": 8, "codename": "add_tournament"}}, {"model": "auth.permission", "pk": 30, "fields": {"name": "Can change tournament", "content_type": 8, "codename": "change_tournament"}}, {"model": "auth.permission", "pk": 31, "fields": {"name": "Can delete tournament", "content_type": 8, "codename": "delete_tournament"}}, {"model": "auth.permission", "pk": 32, "fields": {"name": "Can view tournament", "content_type": 8, "codename": "view_tournament"}}, {"model": "auth.permission", "pk": 33, "fields": {"name": "Can add player", "content_type": 9, "codename": "add_player"}}, {"model": "auth.permission", "pk": 34, "fields": {"name": "Can change player", "content_type": 9, "codename": "change_player"}}, {"model": "auth.permission", "pk": 35, "fields": {"name": "Can delete player", "content_type": 9, "codename": "delete_player"}}, {"model": "auth.permission", "pk": 36, "fields": {"name": "Can view player", "content_type": 9, "codename": "view_player"}}, {"model": "auth.permission", "pk": 37, "fields": {"name": "Can add match", "content_type": 10, "codename": "add_match"}}, {"model": "auth.permission", "pk": 38, "fields": {"name": "Can change match", "content_type": 10, "codename": "change_match"}}, {"model": "auth.permission", "pk": 39, "fields": {"name": "Can delete match", "content_type": 10, "codename": "delete_match"}}, {"model": "auth.permission", "pk": 40, "fields": {"name": "Can view match", "content_type": 10, "codename": "view_match"}}, {"model": "auth.permission", "pk": 41, "fields": {"name": "Can add substitution", "content_type": 11, "codename": "add_substitution"}}, {"model": "auth.permission", "pk": 42, "fields": {"name": "Can change substitution", "content_type": 11, "codename": "change_substitution"}}, {"model": "auth.permission", "pk": 43, "fields": {"name": "Can delete substitution", "content_type": 11, "codename": "delete_substitution"}}, {"model": "auth.permission", "pk": 44, "fields": {"name": "Can view substitution", "content_type": 11, "codename": "view_substitution"}}, {"model": "auth.permission", "pk": 45, "fields": {"name": "Can add team", "content_type": 12, "codename": "add_team"}}, {"model": "auth.permission", "pk": 46, "fields": {"name": "Can change team", "content_type": 12, "codename": "change_team"}}, {"model": "auth.permission", "pk": 47, "fields": {"name": "Can delete team", "content_type": 12, "codename": "delete_team"}}, {"model": "auth.permission", "pk": 48, "fields": {"name": "Can view team", "content_type": 12, "codename": "view_team"}}, {"model": "auth.permission", "pk": 49, "fields": {"name": "Can add team standing", "content_type": 13, "codename": "add_teamstanding"}}, {"model": "auth.permission", "pk": 50, "fields": {"name": "Can change team standing", "content_type": 13, "codename": "change_teamstanding"}}, {"model": "auth.permission", "pk": 51, "fields": {"name": "Can delete team standing", "content_type": 13, "codename": "delete_teamstanding"}}, {"model": "auth.permission", "pk": 52, "fields": {"name": "Can view team standing", "content_type": 13, "codename": "view_teamstanding"}}, {"model": "auth.permission", "pk": 53, "fields": {"name": "Can add match player", "content_type": 14, "codename": "add_matchplayer"}}, {"model": "auth.permission", "pk": 54, "fields": {"name": "Can change match player", "content_type": 14, "codename": "change_matchplayer"}}, {"model": "auth.permission", "pk": 55, "fields": {"name": "Can delete match player", "content_type": 14, "codename": "delete_matchplayer"}}, {"model": "auth.permission", "pk": 56, "fields": {"name": "Can view match player", "content_type": 14, "codename": "view_matchplayer"}}, {"model": "auth.permission", "pk": 57, "fields": {"name": "Can add bowling innings", "content_type": 15, "codename": "add_bowlinginnings"}}, {"model": "auth.permission", "pk": 58, "fields": {"name": "Can change bowling innings", "content_type": 15, "codename": "change_bowlinginnings"}}, {"model": "auth.permission", "pk": 59, "fields": {"name": "Can delete bowling innings", "content_type": 15, "codename": "delete_bowlinginnings"}}, {"model": "auth.permission", "pk": 60, "fields": {"name": "Can view bowling innings", "content_type": 15, "codename": "view_bowlinginnings"}}, {"model": "auth.permission", "pk": 61, "fields": {"name": "Can add batting innings", "content_type": 16, "codename": "add_battinginnings"}}, {"model": "auth.permission", "pk": 62, "fields": {"name": "Can change batting innings", "content_type": 16, "codename": "change_battinginnings"}}, {"model": "auth.permission", "pk": 63, "fields": {"name": "Can delete batting innings", "content_type": 16, "codename": "delete_battinginnings"}}, {"model": "auth.permission", "pk": 64, "fields": {"name": "Can view batting innings", "content_type": 16, "codename": "view_battinginnings"}}, {"model": "auth.permission", "pk": 65, "fields": {"name": "Can add player attendance", "content_type": 17, "codename": "add_playerattendance"}}, {"model": "auth.permission", "pk": 66, "fields": {"name": "Can change player attendance", "content_type": 17, "codename": "change_playerattendance"}}, {"model": "auth.permission", "pk": 67, "fields": {"name": "Can delete player attendance", "content_type": 17, "codename": "delete_playerattendance"}}, {"model": "auth.permission", "pk": 68, "fields": {"name": "Can view player attendance", "content_type": 17, "codename": "view_playerattendance"}}, {"model": "auth.permission", "pk": 69, "fields": {"name": "Can add Training Session", "content_type": 18, "codename": "add_trainingsession"}}, {"model": "auth.permission", "pk": 70, "fields": {"name": "Can change Training Session", "content_type": 18, "codename": "change_trainingsession"}}, {"model": "auth.permission", "pk": 71, "fields": {"name": "Can delete Training Session", "content_type": 18, "codename": "delete_trainingsession"}}, {"model": "auth.permission", "pk": 72, "fields": {"name": "Can view Training Session", "content_type": 18, "codename": "view_trainingsession"}}, {"model": "auth.user", "pk": 1, "fields": {"password": "pbkdf2_sha256$1000000$GQZ49ZgPZ0PLYdwryQyrwb$6BDw8vOaQr9YuI8GDY/7cdEPxHTcdpUvjcCIqq66j+c=", "last_login": "2025-05-17T21:49:20.269Z", "is_superuser": true, "username": "admin", "first_name": "", "last_name": "", "email": "sumududias@gmail.com", "is_staff": true, "is_active": true, "date_joined": "2025-05-17T21:48:27.757Z", "groups": [], "user_permissions": []}}, {"model": "auth.user", "pk": 2, "fields": {"password": "pbkdf2_sha256$1000000$TXKMN8bhiC4O5A3q8fOYcP$eVNRmnaB9/0g6bqXOYyHnnKpodD1lf0kK3h469ku1Ic=", "last_login": null, "is_superuser": true, "username": "nethindu", "first_name": "Nethindu", "last_name": "Dias", "email": "nethindudias@gmail.com", "is_staff": true, "is_active": true, "date_joined": "2025-05-18T09:48:12Z", "groups": [], "user_permissions": []}}, {"model": "contenttypes.contenttype", "pk": 1, "fields": {"app_label": "admin", "model": "logentry"}}, {"model": "contenttypes.contenttype", "pk": 2, "fields": {"app_label": "auth", "model": "permission"}}, {"model": "contenttypes.contenttype", "pk": 3, "fields": {"app_label": "auth", "model": "group"}}, {"model": "contenttypes.contenttype", "pk": 4, "fields": {"app_label": "auth", "model": "user"}}, {"model": "contenttypes.contenttype", "pk": 5, "fields": {"app_label": "contenttypes", "model": "contenttype"}}, {"model": "contenttypes.contenttype", "pk": 6, "fields": {"app_label": "sessions", "model": "session"}}, {"model": "contenttypes.contenttype", "pk": 7, "fields": {"app_label": "cricket_stats", "model": "matchformat"}}, {"model": "contenttypes.contenttype", "pk": 8, "fields": {"app_label": "cricket_stats", "model": "tournament"}}, {"model": "contenttypes.contenttype", "pk": 9, "fields": {"app_label": "cricket_stats", "model": "player"}}, {"model": "contenttypes.contenttype", "pk": 10, "fields": {"app_label": "cricket_stats", "model": "match"}}, {"model": "contenttypes.contenttype", "pk": 11, "fields": {"app_label": "cricket_stats", "model": "substitution"}}, {"model": "contenttypes.contenttype", "pk": 12, "fields": {"app_label": "cricket_stats", "model": "team"}}, {"model": "contenttypes.contenttype", "pk": 13, "fields": {"app_label": "cricket_stats", "model": "teamstanding"}}, {"model": "contenttypes.contenttype", "pk": 14, "fields": {"app_label": "cricket_stats", "model": "matchplayer"}}, {"model": "contenttypes.contenttype", "pk": 15, "fields": {"app_label": "cricket_stats", "model": "bowlinginnings"}}, {"model": "contenttypes.contenttype", "pk": 16, "fields": {"app_label": "cricket_stats", "model": "battinginnings"}}, {"model": "contenttypes.contenttype", "pk": 17, "fields": {"app_label": "cricket_stats", "model": "playerattendance"}}, {"model": "contenttypes.contenttype", "pk": 18, "fields": {"app_label": "cricket_stats", "model": "trainingsession"}}, {"model": "sessions.session", "pk": "4yvcnlbb7aekf0zcanzxroactj0ecrly", "fields": {"session_data": ".eJxVjMsOwiAQAP-FsyGURwGP3v0GssuuUjWQlPZk_HdD0oNeZybzFgn2raS985oWEmcxidMvQ8hPrkPQA-q9ydzqti4oRyIP2-W1Eb8uR_s3KNDL2KLVTtuomeLsjLXoY-DMQBOzRc4G9ewcKqUIgg-GMDJHMsZ6uqETny_fEjg5:1uGPPE:l_MVbXJ8rPdtRDm8rzSw2OcR8fN9O0ejVGsMDxR2v1Q", "expire_date": "2025-05-31T21:49:20.286Z"}}, {"model": "cricket_stats.matchformat", "pk": 1, "fields": {"name": "2 or 3 Day Match", "short_name": "Test", "is_limited_overs": false, "is_practice": false, "is_active": true}}, {"model": "cricket_stats.matchformat", "pk": 2, "fields": {"name": "Limited Over Match", "short_name": "50 Overs", "is_limited_overs": true, "is_practice": false, "is_active": true}}, {"model": "cricket_stats.matchformat", "pk": 3, "fields": {"name": "2 or 3 Day Practice Match", "short_name": "T Practice", "is_limited_overs": false, "is_practice": true, "is_active": true}}, {"model": "cricket_stats.matchformat", "pk": 4, "fields": {"name": "Limited Over Practice Match", "short_name": "50Practice", "is_limited_overs": true, "is_practice": true, "is_active": true}}, {"model": "cricket_stats.player", "pk": 1, "fields": {"user": null, "first_name": "Test1", "last_name": "Cricketer", "dob": "2007-02-01", "photo": "player_photos/download1.jpg", "jersey_number": 1, "batting_style": "R", "bowling_style": "Right arm fast mediums", "primary_role": "BAT", "player_class": "Under-19", "year_joined": 2021, "is_active": true}}, {"model": "cricket_stats.player", "pk": 2, "fields": {"user": null, "first_name": "Test2", "last_name": "Cricketer", "dob": "2007-05-01", "photo": "player_photos/download1_-_Copy.jpg", "jersey_number": 2, "batting_style": "R", "bowling_style": "Right arm fast mediums", "primary_role": "AR", "player_class": "Under-19", "year_joined": 2021, "is_active": true}}, {"model": "cricket_stats.player", "pk": 3, "fields": {"user": null, "first_name": "test3", "last_name": "Cricketer", "dob": "2009-03-11", "photo": "player_photos/download1_-_Copy_2.jpg", "jersey_number": 3, "batting_style": "L", "bowling_style": null, "primary_role": "WK", "player_class": "Under-17", "year_joined": 2021, "is_active": true}}, {"model": "cricket_stats.player", "pk": 4, "fields": {"user": null, "first_name": "Test4", "last_name": "Cricketer", "dob": "2007-05-22", "photo": "player_photos/download1_-_Copy_3.jpg", "jersey_number": 4, "batting_style": "L", "bowling_style": "Left arm Spin", "primary_role": "BAT", "player_class": "Under-19", "year_joined": 2021, "is_active": true}}, {"model": "cricket_stats.team", "pk": 1, "fields": {"name": "First Xi", "season": "2025", "coach": "coach1", "captain": 1}}, {"model": "cricket_stats.team", "pk": 2, "fields": {"name": "Second Xi", "season": "2025", "coach": "coach1", "captain": 3}}, {"model": "cricket_stats.match", "pk": 2, "fields": {"college_name": "Ananda College", "name": "Ananda College", "team_name": "Ananda College", "team": "1", "opponent": "Nalanda College", "match_date": "2025-05-01", "venue": "College Home Ground", "format": 2, "match_days": 1, "toss_winner": null, "toss_decision": null, "result": "Won", "tournament": 1, "man_of_match": 1, "ananda_extras_byes": 0, "ananda_extras_leg_byes": 0, "opponent_extras_byes": 0, "opponent_extras_leg_byes": 0, "match_type": "League", "first_innings_total": 102, "second_innings_total": 0, "opponent_first_innings": 0, "opponent_second_innings": 0}}, {"model": "cricket_stats.match", "pk": 3, "fields": {"college_name": "Ananda College", "name": "Ananda College", "team_name": "Ananda College", "team": "1", "opponent": "MBC", "match_date": "2025-05-02", "venue": "CCC", "format": 1, "match_days": 3, "toss_winner": null, "toss_decision": null, "result": "Lost", "tournament": 1, "man_of_match": 1, "ananda_extras_byes": 0, "ananda_extras_leg_byes": 0, "opponent_extras_byes": 0, "opponent_extras_leg_byes": 0, "match_type": "League", "first_innings_total": 156, "second_innings_total": 0, "opponent_first_innings": 0, "opponent_second_innings": 0}}, {"model": "cricket_stats.match", "pk": 6, "fields": {"college_name": "Ananda College", "name": "", "team_name": "", "team": "1", "opponent": "MBC", "match_date": "2025-05-07", "venue": "SSC", "format": 1, "match_days": 2, "toss_winner": "Ananda College", "toss_decision": "Bat", "result": "Won", "tournament": 1, "man_of_match": 2, "ananda_extras_byes": 4, "ananda_extras_leg_byes": 5, "opponent_extras_byes": 2, "opponent_extras_leg_byes": 6, "match_type": "League", "first_innings_total": 108, "second_innings_total": 129, "opponent_first_innings": 0, "opponent_second_innings": 0}}, {"model": "cricket_stats.match", "pk": 7, "fields": {"college_name": "Ananda College", "name": "", "team_name": "", "team": "1", "opponent": "Home and Home", "match_date": "2025-05-10", "venue": "College Home Ground", "format": 3, "match_days": 3, "toss_winner": "Ananda College", "toss_decision": "Bat", "result": "Won", "tournament": 2, "man_of_match": 1, "ananda_extras_byes": 2, "ananda_extras_leg_byes": 3, "opponent_extras_byes": 2, "opponent_extras_leg_byes": 5, "match_type": "League", "first_innings_total": 147, "second_innings_total": 56, "opponent_first_innings": 0, "opponent_second_innings": 0}}, {"model": "cricket_stats.matchplayer", "pk": 1, "fields": {"match": 2, "player": 1, "innings_number": 1, "batting_order": 1, "runs_scored": 102, "balls_faced": 98, "fours": 10, "sixes": 4, "how_out": "Cought Behind", "bowler": null, "fielder": null, "overs_bowled": "4.0", "maidens_bowled": 1, "runs_conceded": 20, "wickets_taken": 1, "wides": 1, "no_balls": 1, "is_playing_xi": true, "is_captain": true, "is_keeper": false, "catches": 1, "run_outs": 1, "stumpings": 0, "direct_hits": 1, "dropped_catches": 1, "comments": null}}, {"model": "cricket_stats.matchplayer", "pk": 2, "fields": {"match": 2, "player": 2, "innings_number": 1, "batting_order": 2, "runs_scored": 62, "balls_faced": 79, "fours": 6, "sixes": 3, "how_out": "LBW", "bowler": null, "fielder": null, "overs_bowled": null, "maidens_bowled": null, "runs_conceded": null, "wickets_taken": null, "wides": null, "no_balls": null, "is_playing_xi": true, "is_captain": false, "is_keeper": false, "catches": 1, "run_outs": 1, "stumpings": 0, "direct_hits": 0, "dropped_catches": 1, "comments": null}}, {"model": "cricket_stats.matchplayer", "pk": 3, "fields": {"match": 3, "player": 1, "innings_number": 1, "batting_order": 1, "runs_scored": 105, "balls_faced": 111, "fours": 6, "sixes": 3, "how_out": "Cought Behind", "bowler": null, "fielder": null, "overs_bowled": "4.0", "maidens_bowled": 1, "runs_conceded": 20, "wickets_taken": 1, "wides": 1, "no_balls": 1, "is_playing_xi": true, "is_captain": true, "is_keeper": false, "catches": 1, "run_outs": 1, "stumpings": 0, "direct_hits": 1, "dropped_catches": 2, "comments": null}}, {"model": "cricket_stats.matchplayer", "pk": 4, "fields": {"match": 3, "player": 2, "innings_number": 1, "batting_order": 2, "runs_scored": 51, "balls_faced": 54, "fours": 5, "sixes": 4, "how_out": "LBW", "bowler": null, "fielder": null, "overs_bowled": null, "maidens_bowled": null, "runs_conceded": null, "wickets_taken": null, "wides": null, "no_balls": null, "is_playing_xi": true, "is_captain": false, "is_keeper": false, "catches": 1, "run_outs": 0, "stumpings": 0, "direct_hits": 0, "dropped_catches": 3, "comments": null}}, {"model": "cricket_stats.matchplayer", "pk": 5, "fields": {"match": 3, "player": 1, "innings_number": 2, "batting_order": 1, "runs_scored": 42, "balls_faced": 46, "fours": 3, "sixes": 1, "how_out": "Not Out", "bowler": null, "fielder": null, "overs_bowled": "3.0", "maidens_bowled": 1, "runs_conceded": 23, "wickets_taken": 1, "wides": 1, "no_balls": 1, "is_playing_xi": true, "is_captain": true, "is_keeper": false, "catches": 1, "run_outs": 1, "stumpings": 1, "direct_hits": 1, "dropped_catches": 1, "comments": null}}, {"model": "cricket_stats.matchplayer", "pk": 6, "fields": {"match": 3, "player": 2, "innings_number": 2, "batting_order": 2, "runs_scored": 21, "balls_faced": 23, "fours": 3, "sixes": 1, "how_out": "Bowled", "bowler": null, "fielder": null, "overs_bowled": null, "maidens_bowled": null, "runs_conceded": null, "wickets_taken": null, "wides": null, "no_balls": null, "is_playing_xi": true, "is_captain": false, "is_keeper": false, "catches": 1, "run_outs": 1, "stumpings": 0, "direct_hits": 1, "dropped_catches": 2, "comments": null}}, {"model": "cricket_stats.matchplayer", "pk": 9, "fields": {"match": 6, "player": 1, "innings_number": 1, "batting_order": 2, "runs_scored": 63, "balls_faced": 64, "fours": 6, "sixes": 3, "how_out": "Cought Behind", "bowler": null, "fielder": null, "overs_bowled": "4.0", "maidens_bowled": 1, "runs_conceded": 30, "wickets_taken": 1, "wides": 1, "no_balls": 1, "is_playing_xi": true, "is_captain": false, "is_keeper": false, "catches": 1, "run_outs": 1, "stumpings": 0, "direct_hits": 1, "dropped_catches": 2, "comments": null}}, {"model": "cricket_stats.matchplayer", "pk": 11, "fields": {"match": 6, "player": 2, "innings_number": 1, "batting_order": 1, "runs_scored": 45, "balls_faced": 41, "fours": 5, "sixes": 1, "how_out": "LBW", "bowler": null, "fielder": null, "overs_bowled": null, "maidens_bowled": null, "runs_conceded": null, "wickets_taken": null, "wides": null, "no_balls": null, "is_playing_xi": true, "is_captain": true, "is_keeper": false, "catches": 1, "run_outs": 1, "stumpings": 0, "direct_hits": 1, "dropped_catches": 2, "comments": null}}, {"model": "cricket_stats.matchplayer", "pk": 12, "fields": {"match": 6, "player": 1, "innings_number": 2, "batting_order": 1, "runs_scored": 78, "balls_faced": 89, "fours": 8, "sixes": 2, "how_out": "LBW", "bowler": null, "fielder": null, "overs_bowled": "7.0", "maidens_bowled": 1, "runs_conceded": 32, "wickets_taken": 1, "wides": 1, "no_balls": 1, "is_playing_xi": true, "is_captain": true, "is_keeper": false, "catches": 1, "run_outs": 1, "stumpings": 0, "direct_hits": 1, "dropped_catches": 1, "comments": null}}, {"model": "cricket_stats.matchplayer", "pk": 13, "fields": {"match": 6, "player": 2, "innings_number": 2, "batting_order": 1, "runs_scored": 51, "balls_faced": 49, "fours": 5, "sixes": 1, "how_out": "bowled", "bowler": null, "fielder": null, "overs_bowled": null, "maidens_bowled": null, "runs_conceded": null, "wickets_taken": null, "wides": null, "no_balls": null, "is_playing_xi": true, "is_captain": false, "is_keeper": false, "catches": 1, "run_outs": 0, "stumpings": 0, "direct_hits": 0, "dropped_catches": 1, "comments": null}}, {"model": "cricket_stats.matchplayer", "pk": 14, "fields": {"match": 7, "player": 1, "innings_number": 1, "batting_order": 1, "runs_scored": 102, "balls_faced": 98, "fours": 10, "sixes": 4, "how_out": "Cought Behind", "bowler": null, "fielder": null, "overs_bowled": "4.0", "maidens_bowled": 1, "runs_conceded": 15, "wickets_taken": 1, "wides": 1, "no_balls": 1, "is_playing_xi": true, "is_captain": true, "is_keeper": false, "catches": 1, "run_outs": 1, "stumpings": 0, "direct_hits": 1, "dropped_catches": 2, "comments": null}}, {"model": "cricket_stats.matchplayer", "pk": 15, "fields": {"match": 7, "player": 2, "innings_number": 1, "batting_order": 2, "runs_scored": 45, "balls_faced": 75, "fours": 5, "sixes": 1, "how_out": "LBW", "bowler": null, "fielder": null, "overs_bowled": "10.0", "maidens_bowled": 1, "runs_conceded": 40, "wickets_taken": 1, "wides": 1, "no_balls": 1, "is_playing_xi": true, "is_captain": false, "is_keeper": false, "catches": 1, "run_outs": 0, "stumpings": 0, "direct_hits": 0, "dropped_catches": 1, "comments": null}}, {"model": "cricket_stats.matchplayer", "pk": 16, "fields": {"match": 7, "player": 1, "innings_number": 2, "batting_order": 1, "runs_scored": 57, "balls_faced": 67, "fours": 6, "sixes": 1, "how_out": "Not Out", "bowler": null, "fielder": null, "overs_bowled": "6.0", "maidens_bowled": 1, "runs_conceded": 20, "wickets_taken": 1, "wides": 1, "no_balls": 1, "is_playing_xi": true, "is_captain": false, "is_keeper": false, "catches": 1, "run_outs": 1, "stumpings": 0, "direct_hits": 0, "dropped_catches": 2, "comments": ""}}, {"model": "cricket_stats.matchplayer", "pk": 17, "fields": {"match": 7, "player": 2, "innings_number": 2, "batting_order": 2, "runs_scored": null, "balls_faced": null, "fours": null, "sixes": null, "how_out": null, "bowler": null, "fielder": null, "overs_bowled": null, "maidens_bowled": null, "runs_conceded": null, "wickets_taken": null, "wides": null, "no_balls": null, "is_playing_xi": true, "is_captain": false, "is_keeper": false, "catches": 0, "run_outs": 0, "stumpings": 0, "direct_hits": 0, "dropped_catches": 0, "comments": ""}}, {"model": "cricket_stats.tournament", "pk": 1, "fields": {"name": "2025 All Island", "season": "2025", "start_date": "2025-04-01", "end_date": "2025-05-30", "organizer": "SLCB"}}, {"model": "cricket_stats.tournament", "pk": 2, "fields": {"name": "Test-2025", "season": "2025", "start_date": "2025-04-01", "end_date": "2025-05-30", "organizer": "SLCB"}}, {"model": "cricket_stats.substitution", "pk": 1, "fields": {"match": 3, "player_out": 2, "player_in": 3, "reason": "TACTICAL", "substitution_time": "7th over to 10th over", "comments": "", "approved_by": ""}}, {"model": "cricket_stats.substitution", "pk": 4, "fields": {"match": 6, "player_out": 1, "player_in": 3, "reason": "TACTICAL", "substitution_time": "5th over to 20th over", "comments": "", "approved_by": ""}}, {"model": "cricket_stats.trainingsession", "pk": 1, "fields": {"session_type": "fitness", "date": "2025-04-02", "start_time": "16:00:00", "end_time": "18:00:00", "notes": "", "created_at": "2025-05-18T09:42:39.839Z", "updated_at": "2025-05-18T09:42:39.839Z"}}, {"model": "cricket_stats.trainingsession", "pk": 2, "fields": {"session_type": "cricket", "date": "2025-04-06", "start_time": "14:30:00", "end_time": "16:30:00", "notes": "", "created_at": "2025-05-18T10:00:40.336Z", "updated_at": "2025-05-18T10:00:40.336Z"}}, {"model": "cricket_stats.trainingsession", "pk": 3, "fields": {"session_type": "fitness", "date": "2025-04-07", "start_time": "14:00:00", "end_time": "18:00:00", "notes": "", "created_at": "2025-05-19T13:24:06.182Z", "updated_at": "2025-05-19T13:24:06.182Z"}}, {"model": "cricket_stats.trainingsession", "pk": 4, "fields": {"session_type": "cricket", "date": "2025-04-08", "start_time": "14:00:00", "end_time": "18:00:00", "notes": "", "created_at": "2025-05-19T13:25:29.753Z", "updated_at": "2025-05-19T13:25:29.753Z"}}, {"model": "cricket_stats.trainingsession", "pk": 5, "fields": {"session_type": "fitness", "date": "2025-04-10", "start_time": "14:00:00", "end_time": "18:00:00", "notes": "", "created_at": "2025-05-19T22:19:22.324Z", "updated_at": "2025-05-19T22:19:22.324Z"}}, {"model": "cricket_stats.trainingsession", "pk": 6, "fields": {"session_type": "fitness", "date": "2025-05-05", "start_time": "14:30:00", "end_time": "16:30:00", "notes": "", "created_at": "2025-05-20T07:23:25.656Z", "updated_at": "2025-05-20T07:23:25.656Z"}}, {"model": "cricket_stats.trainingsession", "pk": 7, "fields": {"session_type": "fitness", "date": "2025-04-16", "start_time": "14:30:00", "end_time": "16:30:00", "notes": "", "created_at": "2025-05-22T18:31:11.520Z", "updated_at": "2025-05-22T18:31:11.520Z"}}, {"model": "cricket_stats.trainingsession", "pk": 8, "fields": {"session_type": "cricket", "date": "2025-05-22", "start_time": "14:30:00", "end_time": "18:00:00", "notes": "", "created_at": "2025-05-22T18:48:20.027Z", "updated_at": "2025-05-22T18:48:20.027Z"}}, {"model": "cricket_stats.trainingsession", "pk": 9, "fields": {"session_type": "fitness", "date": "2025-05-06", "start_time": "14:30:00", "end_time": "18:00:00", "notes": "", "created_at": "2025-05-22T21:05:47.819Z", "updated_at": "2025-05-22T21:05:47.819Z"}}, {"model": "cricket_stats.playerattendance", "pk": 10, "fields": {"player": 1, "training_session": 1, "status": "P", "notes": "", "arrival_time": "16:05:44", "departure_time": "18:00:00", "time_reported": "2025-05-19T23:09:21.516Z", "reported_by": 1}}, {"model": "cricket_stats.playerattendance", "pk": 11, "fields": {"player": 2, "training_session": 1, "status": "P", "notes": "", "arrival_time": "16:06:44", "departure_time": "18:00:00", "time_reported": "2025-05-19T23:11:54.373Z", "reported_by": 1}}, {"model": "cricket_stats.playerattendance", "pk": 12, "fields": {"player": 2, "training_session": 5, "status": "P", "notes": "", "arrival_time": "14:00:00", "departure_time": "18:00:00", "time_reported": "2025-05-19T23:12:41.086Z", "reported_by": 1}}, {"model": "cricket_stats.playerattendance", "pk": 13, "fields": {"player": 3, "training_session": 1, "status": "A", "notes": "", "arrival_time": null, "departure_time": null, "time_reported": "2025-05-19T23:12:58.424Z", "reported_by": 1}}, {"model": "cricket_stats.playerattendance", "pk": 14, "fields": {"player": 1, "training_session": 2, "status": "P", "notes": "", "arrival_time": "14:45:00", "departure_time": "18:00:00", "time_reported": "2025-05-19T23:13:47.796Z", "reported_by": 1}}, {"model": "cricket_stats.playerattendance", "pk": 15, "fields": {"player": 2, "training_session": 2, "status": "P", "notes": "", "arrival_time": "14:30:00", "departure_time": "18:30:00", "time_reported": "2025-05-19T23:14:28.077Z", "reported_by": 1}}, {"model": "cricket_stats.playerattendance", "pk": 16, "fields": {"player": 1, "training_session": 5, "status": "P", "notes": "", "arrival_time": "14:00:00", "departure_time": "18:00:00", "time_reported": "2025-05-19T23:42:06.147Z", "reported_by": 1}}, {"model": "cricket_stats.playerattendance", "pk": 17, "fields": {"player": 1, "training_session": 4, "status": "P", "notes": "", "arrival_time": "14:45:00", "departure_time": "18:00:00", "time_reported": "2025-05-20T00:19:31.209Z", "reported_by": 1}}, {"model": "cricket_stats.playerattendance", "pk": 18, "fields": {"player": 2, "training_session": 4, "status": "A", "notes": "", "arrival_time": null, "departure_time": null, "time_reported": "2025-05-20T00:21:14.243Z", "reported_by": 1}}, {"model": "cricket_stats.playerattendance", "pk": 19, "fields": {"player": 1, "training_session": 6, "status": "P", "notes": "", "arrival_time": "14:00:00", "departure_time": "18:30:00", "time_reported": "2025-05-20T07:24:22.175Z", "reported_by": 1}}, {"model": "cricket_stats.playerattendance", "pk": 20, "fields": {"player": 1, "training_session": 8, "status": "P", "notes": "", "arrival_time": null, "departure_time": null, "time_reported": "2025-05-22T19:04:03.635Z", "reported_by": 1}}, {"model": "cricket_stats.playerattendance", "pk": 21, "fields": {"player": 2, "training_session": 8, "status": "A", "notes": null, "arrival_time": null, "departure_time": null, "time_reported": "2025-05-22T19:04:03.644Z", "reported_by": 1}}, {"model": "cricket_stats.playerattendance", "pk": 22, "fields": {"player": 3, "training_session": 8, "status": "P", "notes": null, "arrival_time": null, "departure_time": null, "time_reported": "2025-05-22T19:04:03.655Z", "reported_by": 1}}, {"model": "cricket_stats.playerattendance", "pk": 23, "fields": {"player": 2, "training_session": 6, "status": "A", "notes": null, "arrival_time": null, "departure_time": null, "time_reported": "2025-05-22T19:04:15.989Z", "reported_by": 1}}, {"model": "cricket_stats.playerattendance", "pk": 24, "fields": {"player": 3, "training_session": 6, "status": "P", "notes": null, "arrival_time": null, "departure_time": null, "time_reported": "2025-05-22T19:04:16.003Z", "reported_by": 1}}, {"model": "cricket_stats.playerattendance", "pk": 25, "fields": {"player": 1, "training_session": 9, "status": "A", "notes": null, "arrival_time": null, "departure_time": null, "time_reported": "2025-05-22T21:06:34.143Z", "reported_by": 1}}, {"model": "cricket_stats.playerattendance", "pk": 26, "fields": {"player": 2, "training_session": 9, "status": "P", "notes": null, "arrival_time": null, "departure_time": null, "time_reported": "2025-05-22T21:06:34.152Z", "reported_by": 1}}, {"model": "cricket_stats.playerattendance", "pk": 27, "fields": {"player": 3, "training_session": 9, "status": "P", "notes": null, "arrival_time": null, "departure_time": null, "time_reported": "2025-05-22T21:06:34.321Z", "reported_by": 1}}, {"model": "cricket_stats.playerattendance", "pk": 28, "fields": {"player": 4, "training_session": 8, "status": "P", "notes": null, "arrival_time": null, "departure_time": null, "time_reported": "2025-05-24T23:58:25.616Z", "reported_by": 1}}]